"registration_key","aircraft_models","fleet_row_count","registry_row_count","distinct_hex_count","hex_codes","lookup_status"
"223CX",HA-420,1,1,1,a1ec6e,Ready
"272BQ",BD-100-1A10,1,1,1,a2ae12,Ready
"283B",BD-100-1A10,1,1,1,a2d939,Ready
"301JT",HA-420,1,1,1,a323e3,Ready
"390JS",BD-100-1A10,1,1,1,a483a2,Ready
"391JS",BD-100-1A10,1,1,1,a48759,Ready
"393JS",BD-100-1A10,1,1,1,a48ec7,Ready
"394JS",BD-100-1A10,1,1,1,a4927e,Ready
"396JS",BD-100-1A10,1,1,1,a499ec,Ready
"397JS",BD-100-1A10,1,1,1,a49da3,Ready
"398JS",BD-100-1A10,1,1,1,a4a15a,Ready
"420HB",HA-420,1,1,1,a4fc50,Ready
"631RP",BD-100-1A10,1,1,1,a842f8,Ready
"701JS",CE-525B-525B,1,1,1,a9591e,Ready
"702JS",CE-525B-525B,1,1,1,a95cd5,Ready
"707JS",CE-525B-525B,1,1,1,a96f68,Ready
"709JS",CE-525B-525B,1,1,1,a976d6,Ready
"714JS",CE-525B-525B,1,1,1,a98bc2,Ready
"715JS",CE-525B-525B,1,1,1,a98f79,Ready
"720JS",CE-525B-525B,1,1,1,a9a465,Ready
"730JS",CE-525B-525B,1,1,1,a9cbe4,Ready
"735JS",CE-525B-525B,1,1,1,a9de77,Ready
"736JS",CE-525B-525B,1,1,1,a9e22e,Ready
"739JS",CE-525B-525B,1,1,1,a9ed53,Ready
"743JS",CE-525B-525B,1,1,1,a9fe88,Ready
"746JS",CE-525B-525B,1,1,1,aa09ad,Ready
"749JS",CE-525B-525B,1,1,1,aa14d2,Ready
"751JS",CE-525B-525B,1,1,1,aa1e99,Ready
"752JS",CE-525B-525B,1,1,1,aa2250,Ready
"753JS",CE-525B-525B,1,1,1,aa2607,Ready
"757PC",CE-525B-525B,1,1,1,aa3552,Ready
"765JS",CE-525B-525B,1,1,1,aa54f4,Ready
"770JS",CE-525B-525B,1,1,1,aa69e0,Ready
"774JS",CE-525B-525B,1,1,1,aa78bc,Ready
"780JS",CE-525B-525B,1,1,1,aa915f,Ready
"782JS",CE-525B-525B,1,1,1,aa98cd,Ready
"785JS",CE-525B-525B,1,1,1,aaa3f2,Ready
"799JS",CE-525B-525B,1,1,1,aada4d,Ready
"801JS",CE-560-560XL,1,1,1,aae66d,Ready
"803JS",CE-560-560XL,1,1,1,aaeddb,Ready
"809JS",CE-560-560XL,1,1,1,ab0425,Ready
"810JS",CE-560-560XLS,1,1,1,ab0a35,Ready
"823JS",CE-560-560XL,1,1,1,ab3cd9,Ready
"824JS",CE-560-560XLS,1,1,1,ab4090,Ready
"830JS",CE-560-560XL,1,1,1,ab5933,Ready
"833JS",CE-560-560XL,1,1,1,ab6458,Ready
"835JS",CE-560-560XLS,1,1,1,ab6bc6,Ready
"838JS",CE-560-560XL,1,1,1,ab76eb,Ready
"839JS",CE-560-560XL,1,1,1,ab7aa2,Ready
"840JS",CE-560-560XL,1,1,1,ab80b2,Ready
"841JS",CE-560-560XL,1,1,1,ab8469,Ready
"843JS",CE-560-560XL,1,1,1,ab8bd7,Ready
"844JS",CE-560-560XL,1,1,1,ab8f8e,Ready
"845JS",CE-560-560XL,1,1,1,ab9345,Ready
"847JS",CE-560-560XL,1,1,1,ab9ab3,Ready
"851JS",CE-560-560XL,1,1,1,ababe8,Ready
"852JS",CE-560-560XLS,1,1,1,abaf9f,Ready
"853JS",CE-560-560XL,1,1,1,abb356,Ready
"855JS",CE-560-560XL,1,1,1,abbac4,Ready
"856JS",CE-560-560XL,1,1,1,abbe7b,Ready
"857JS",CE-560-560XLS,1,1,1,abc232,Ready
"860JS",CE-560-560XL,1,1,1,abcfb0,Ready
"863JS",CE-560-560XLS,1,1,1,abdad5,Ready
"864JS",CE-560-560XL,1,1,1,abde8c,Ready
"867JS",CE-560-560XL,1,1,1,abe9b1,Ready
"869JS",CE-560-560XL,1,1,1,abf11f,Ready
"870JS",CE-560-560XLS+,1,1,1,abf72f,Ready
"872JS",CE-560-560XL,1,1,1,abfe9d,Ready
"875JS",CE-560-560XLS,1,1,1,ac09c2,Ready
"890JS",CE-560-560XLS+,1,1,1,ac462d,Ready
"932JS",CE-680-680,1,1,1,acedf0,Ready
"95TX",CE-525B-525B,1,1,1,ad340d,Ready
"979JS",CE-750-750,1,1,1,ada5ed,Ready
