hex_code,adjacent_date
a2ae12,2026-10-01
a2ae12,2026-10-03
a2d939,2026-10-01
a2d939,2026-10-03
a323e3,2026-10-03
a483a2,2026-10-03
a48759,2026-10-01
a499ec,2026-10-01
a9591e,2026-10-01
a9591e,2026-10-03
a96f68,2026-10-01
a96f68,2026-10-03
a976d6,2026-10-01
a976d6,2026-10-03
a98bc2,2026-10-01
a98bc2,2026-10-03
a9e22e,2026-10-01
a9e22e,2026-10-03
a9ed53,2026-10-01
a9ed53,2026-10-03
a9fe88,2026-10-01
a9fe88,2026-10-03
aa14d2,2026-10-01
aa14d2,2026-10-03
aa2250,2026-10-03
aa3552,2026-10-01
aa3552,2026-10-03
aa54f4,2026-10-03
aa78bc,2026-10-01
aa78bc,2026-10-03
aaa3f2,2026-10-03
aae66d,2026-10-01
aae66d,2026-10-03
aaeddb,2026-10-03
ab0a35,2026-10-01
ab3cd9,2026-10-01
ab3cd9,2026-10-03
ab5933,2026-10-01
ab6458,2026-10-01
ab76eb,2026-10-03
ab80b2,2026-10-01
ab80b2,2026-10-03
ab8469,2026-10-01
ab8bd7,2026-10-01
ab8bd7,2026-10-03
ab8f8e,2026-10-01
ab8f8e,2026-10-03
ab9345,2026-10-01
ab9345,2026-10-03
ab9ab3,2026-10-01
ab9ab3,2026-10-03
abaf9f,2026-10-01
abbac4,2026-10-01
abcfb0,2026-10-01
abcfb0,2026-10-03
abdad5,2026-10-01
abde8c,2026-10-03
abe9b1,2026-10-01
abf11f,2026-10-01
abf72f,2026-10-03
ac462d,2026-10-01
