hex_code,requested_date,status,position_count,source_filename,error
a2ae12,2026-10-01,downloaded,3814,2026-10-01_a2ae12.json,
a2ae12,2026-10-03,not_found_404,,2026-10-03_a2ae12.json,HTTP Error 404: Not Found
a2d939,2026-10-01,downloaded,2095,2026-10-01_a2d939.json,
a2d939,2026-10-03,downloaded,1702,2026-10-03_a2d939.json,
a323e3,2026-10-03,downloaded,1281,2026-10-03_a323e3.json,
a483a2,2026-10-03,downloaded,1233,2026-10-03_a483a2.json,
a48759,2026-10-01,downloaded,1104,2026-10-01_a48759.json,
a499ec,2026-10-01,downloaded,1761,2026-10-01_a499ec.json,
a9591e,2026-10-01,not_found_404,,2026-10-01_a9591e.json,HTTP Error 404: Not Found
a9591e,2026-10-03,downloaded,3270,2026-10-03_a9591e.json,
a96f68,2026-10-01,downloaded,2988,2026-10-01_a96f68.json,
a96f68,2026-10-03,downloaded,3423,2026-10-03_a96f68.json,
a976d6,2026-10-01,downloaded,2031,2026-10-01_a976d6.json,
a976d6,2026-10-03,downloaded,1860,2026-10-03_a976d6.json,
a98bc2,2026-10-01,downloaded,2880,2026-10-01_a98bc2.json,
a98bc2,2026-10-03,downloaded,3083,2026-10-03_a98bc2.json,
a9e22e,2026-10-01,downloaded,1184,2026-10-01_a9e22e.json,
a9e22e,2026-10-03,downloaded,306,2026-10-03_a9e22e.json,
a9ed53,2026-10-01,not_found_404,,2026-10-01_a9ed53.json,HTTP Error 404: Not Found
a9ed53,2026-10-03,not_found_404,,2026-10-03_a9ed53.json,HTTP Error 404: Not Found
a9fe88,2026-10-01,downloaded,2461,2026-10-01_a9fe88.json,
a9fe88,2026-10-03,downloaded,1997,2026-10-03_a9fe88.json,
aa14d2,2026-10-01,downloaded,2178,2026-10-01_aa14d2.json,
aa14d2,2026-10-03,downloaded,1961,2026-10-03_aa14d2.json,
aa2250,2026-10-03,downloaded,1497,2026-10-03_aa2250.json,
aa3552,2026-10-01,downloaded,1366,2026-10-01_aa3552.json,
aa3552,2026-10-03,downloaded,2393,2026-10-03_aa3552.json,
aa54f4,2026-10-03,downloaded,3258,2026-10-03_aa54f4.json,
aa78bc,2026-10-01,downloaded,949,2026-10-01_aa78bc.json,
aa78bc,2026-10-03,downloaded,1954,2026-10-03_aa78bc.json,
aaa3f2,2026-10-03,downloaded,489,2026-10-03_aaa3f2.json,
aae66d,2026-10-01,downloaded,2254,2026-10-01_aae66d.json,
aae66d,2026-10-03,downloaded,827,2026-10-03_aae66d.json,
aaeddb,2026-10-03,downloaded,3485,2026-10-03_aaeddb.json,
ab0a35,2026-10-01,downloaded,29,2026-10-01_ab0a35.json,
ab3cd9,2026-10-01,not_found_404,,2026-10-01_ab3cd9.json,HTTP Error 404: Not Found
ab3cd9,2026-10-03,downloaded,2838,2026-10-03_ab3cd9.json,
ab5933,2026-10-01,downloaded,1854,2026-10-01_ab5933.json,
ab6458,2026-10-01,downloaded,3067,2026-10-01_ab6458.json,
ab76eb,2026-10-03,not_found_404,,2026-10-03_ab76eb.json,HTTP Error 404: Not Found
ab80b2,2026-10-01,downloaded,2713,2026-10-01_ab80b2.json,
ab80b2,2026-10-03,downloaded,2461,2026-10-03_ab80b2.json,
ab8469,2026-10-01,downloaded,1024,2026-10-01_ab8469.json,
ab8bd7,2026-10-01,downloaded,4180,2026-10-01_ab8bd7.json,
ab8bd7,2026-10-03,downloaded,4262,2026-10-03_ab8bd7.json,
ab8f8e,2026-10-01,downloaded,4058,2026-10-01_ab8f8e.json,
ab8f8e,2026-10-03,downloaded,2128,2026-10-03_ab8f8e.json,
ab9345,2026-10-01,downloaded,4528,2026-10-01_ab9345.json,
ab9345,2026-10-03,downloaded,1672,2026-10-03_ab9345.json,
ab9ab3,2026-10-01,downloaded,3365,2026-10-01_ab9ab3.json,
ab9ab3,2026-10-03,downloaded,3030,2026-10-03_ab9ab3.json,
abaf9f,2026-10-01,downloaded,3949,2026-10-01_abaf9f.json,
abbac4,2026-10-01,downloaded,1567,2026-10-01_abbac4.json,
abcfb0,2026-10-01,downloaded,3656,2026-10-01_abcfb0.json,
abcfb0,2026-10-03,not_found_404,,2026-10-03_abcfb0.json,HTTP Error 404: Not Found
abdad5,2026-10-01,downloaded,2288,2026-10-01_abdad5.json,
abde8c,2026-10-03,downloaded,3220,2026-10-03_abde8c.json,
abe9b1,2026-10-01,downloaded,2411,2026-10-01_abe9b1.json,
abf11f,2026-10-01,downloaded,2842,2026-10-01_abf11f.json,
abf72f,2026-10-03,downloaded,2001,2026-10-03_abf72f.json,
ac462d,2026-10-01,downloaded,70,2026-10-01_ac462d.json,
